"40;50;687
"
"40;55;658
"
"40;60;706
"
"40;65;631
"
"40;70;537
"
"40;75;541
"
"40;80;320
"
"40;85;98
"
"40;90;98
"
"40;95;66
"
"40;100;68
"
"40;105;53
"
"40;110;44
"
"40;115;44
"
"40;120;59
"
"40;125;35
"
"40;130;35
"
"40;135;44
"
"40;140;50
"
"40;145;44
"
"40;150;24
"
"45;150;24
"
"45;145;31
"
"45;140;40
"
"45;135;54
"
"45;130;45
"
"45;125;44
"
"45;120;63
"
"45;115;49
"
"45;110;49
"
"45;105;68
"
"45;100;76
"
"45;95;58
"
"45;90;54
"
"45;85;54
"
"45;80;106
"
"45;75;219
"
"45;70;218
"
"45;65;97
"
"45;60;7
"
"45;55;15
"
"45;50;7
"
"45;45;6
"
"45;40;165
"
"45;35;296
"
"45;30;313
"
"50;30;521
"
"50;35;625
"
"50;40;657
"
"50;45;664
"
"50;50;744
"
"50;55;678
"
"50;60;673
"
"50;65;628
"
"50;70;663
"
"50;75;504
"
"50;80;291
"
"50;85;289
"
"50;90;7
"
"50;95;174
"
"50;100;173
"
"50;105;7
"
"50;110;276
"
"50;115;277
"
"50;120;7
"
"50;125;6
"
"50;130;8
"
"50;135;6
"
"50;140;6
"
"50;145;30
"
"50;150;17
"
"55;150;50
"
"55;145;58
"
"55;140;53
"
"55;135;31
"
"55;130;31
"
"55;125;46
"
"55;120;68
"
"55;115;67
"
"55;110;40
"
"55;105;64
"
"55;100;58
"
"55;95;49
"
"55;90;81
"
"55;85;88
"
"55;80;126
"
"55;75;125
"
"55;70;7
"
"55;65;11
"
"55;60;11
"
"55;55;7
"
"55;50;6
"
"55;45;6
"
"55;40;153
"
"55;35;165
"
"55;30;364
"
"60;30;583
"
"60;35;666
"
"60;40;660
"
"60;45;723
"
"60;50;688
"
"60;55;655
"
"60;60;659
"
"60;65;656
"
"60;70;614
"
"60;75;462
"
"60;80;151
"
"60;85;147
"
"60;90;7
"
"60;95;6
"
"60;100;308
"
"60;105;7
"
"60;110;6
"
"60;115;152
"
"60;120;7
"
"60;125;6
"
"60;130;9
"
"60;135;12
"
"60;140;18
"
"60;145;41
"
"60;150;46
"
"65;150;30
"
"65;145;30
"
"65;140;72
"
"65;135;72
"
"65;130;68
"
"65;125;67
"
"65;120;67
"
"65;115;62
"
"65;110;83
"
"65;105;70
"
"65;100;44
"
"65;95;68
"
"65;90;71
"
"65;85;160
"
"65;80;67
"
"65;75;67
"
"65;70;6
"
"65;65;7
"
"65;60;6
"
"65;55;6
"
"65;50;6
"
"65;45;375
"
"65;40;370
"
"65;35;255
"
"65;30;407
"
"70;30;584
"
"70;35;583
"
"70;40;653
"
"70;45;714
"
"70;50;656
"
"70;55;655
"
"70;60;658
"
"70;65;677
"
"70;70;583
"
"70;75;391
"
"70;80;395
"
"70;85;319
"
"70;90;304
"
"70;95;303
"
"70;100;173
"
"70;105;6
"
"70;110;6
"
"70;115;58
"
"70;120;58
"
"70;125;7
"
"70;130;11
"
"70;135;12
"
"70;140;30
"
"70;145;51
"
"70;150;44
"
"75;150;24
"
"75;145;44
"
"75;140;59
"
"75;135;69
"
"75;130;57
"
"75;125;54
"
"75;120;53
"
"75;115;63
"
"75;110;76
"
"75;105;76
"
"75;100;53
"
"75;95;53
"
"75;90;80
"
"75;85;119
"
"75;80;119
"
"75;75;9
"
"75;70;7
"
"75;65;6
"
"75;60;332
"
"75;55;334
"
"75;50;318
"
"75;45;302
"
"75;40;300
"
"75;35;300
"
"75;30;451
"
"80;30;641
"
"80;35;583
"
"80;40;654
"
"80;45;651
"
"80;50;707
"
"80;55;685
"
"80;60;645
"
"80;65;566
"
"80;70;562
"
"80;75;345
"
"80;80;356
"
"80;85;306
"
"80;90;311
"
"80;95;306
"
"80;100;291
"
"80;105;290
"
"80;110;275
"
"80;115;80
"
"80;120;7
"
"80;125;8
"
"80;130;7
"
"80;135;6
"
"80;140;29
"
"80;145;40
"
"80;150;53
"
"85;150;24
"
"85;145;49
"
"85;140;59
"
"85;135;58
"
"85;130;66
"
"85;125;67
"
"85;120;67
"
"85;115;64
"
"85;110;66
"
"85;105;63
"
"85;100;39
"
"85;95;39
"
"85;90;102
"
"85;85;242
"
"85;80;243
"
"85;75;7
"
"85;70;328
"
"85;65;308
"
"85;60;309
"
"85;55;304
"
"85;50;319
"
"85;45;307
"
"85;40;260
"
"85;35;259
"
"85;30;419
"
"90;30;595
"
"90;35;556
"
"90;40;647
"
"90;45;653
"
"90;50;693
"
"90;55;638
"
"90;60;631
"
"90;65;617
"
"90;70;645
"
"90;75;398
"
"90;80;396
"
"90;85;287
"
"90;90;327
"
"90;95;309
"
"90;100;302
"
"90;105;296
"
"90;110;294
"
"90;115;343
"
"90;120;7
"
"90;125;9
"
"90;130;7
"
"90;135;24
"
"90;140;24
"
"90;145;49
"
"90;150;54
"
"95;150;19
"
"95;145;14
"
"95;140;51
"
"95;135;51
"
"95;130;75
"
"95;125;44
"
"95;120;44
"
"95;115;68
"
"95;110;50
"
"95;105;44
"
"95;100;35
"
"95;95;106
"
"95;90;73
"
"95;85;110
"
"95;80;124
"
"95;75;146
"
"95;70;109
"
"95;65;297
"
"95;60;298
"
"95;55;300
"
"95;50;301
"
"95;45;304
"
"95;40;300
"
"95;35;300
"
"95;30;350
"
"100;30;589
"
"100;35;632
"
"100;40;631
"
"100;45;709
"
"100;50;645
"
"100;55;657
"
"100;60;690
"
"100;65;613
"
"100;70;618
"
"100;75;472
"
"100;80;303
"
"100;85;301
"
"100;90;301
"
"100;95;303
"
"100;100;274
"
"100;105;279
"
"100;110;12
"
"100;115;182
"
"100;120;189
"
"100;125;7
"
"100;130;12
"
"100;135;7
"
"100;140;41
"
"100;145;66
"
"100;150;373
"
"105;150;48
"
"105;145;35
"
"105;140;45
"
"105;135;34
"
"105;130;44
"
"105;125;51
"
"105;120;71
"
"105;115;72
"
"105;110;48
"
"105;105;58
"
"105;100;78
"
"105;95;95
"
"105;90;121
"
"105;85;136
"
"105;80;118
"
"105;75;123
"
"105;70;140
"
"105;65;161
"
"105;60;173
"
"105;55;182
"
"105;50;295
"
"105;45;306
"
"105;40;276
"
"105;35;271
"
"105;30;325
"
"110;30;559
"
"110;35;490
"
"110;40;509
"
"110;45;457
"
"110;50;432
"
"110;55;391
"
"110;60;361
"
"110;65;346
"
"110;70;325
"
"110;75;391
"
"110;80;405
"
"110;85;188
"
"110;90;76
"
"110;95;76
"
"110;100;42
"
"110;105;6
"
"110;110;6
"
"110;115;6
"
"110;120;6
"
"110;125;6
"
"110;130;6
"
"110;135;6
"
"110;140;6
"
"110;145;35
"
"110;150;31
"
"115;150;49
"
"115;145;69
"
"115;140;34
"
"115;135;44
"
"115;130;50
"
"115;125;35
"
"115;120;62
"
"115;115;60
"
"115;110;48
"
"115;105;52
"
"115;100;63
"
"115;95;42
"
"115;90;72
"
"115;85;72
"
"115;80;70
"
"115;75;83
"
"115;70;108
"
"115;65;128
"
"115;60;147
"
"115;55;145
"
"115;50;153
"
"115;45;193
"
"115;40;152
"
"115;35;154
"
"115;30;164
"
"120;30;170
"
"120;35;169
"
"120;40;539
"
"120;45;649
"
"120;50;732
"
"120;55;635
"
"120;60;660
"
"120;65;645
"
"120;70;614
"
"120;75;458
"
"120;80;261
"
"120;85;249
"
"120;90;245
"
"120;95;124
"
"120;100;122
"
"120;105;120
"
"120;110;37
"
"120;115;33
"
"120;120;73
"
"120;125;44
"
"120;130;62
"
"120;135;67
"
"120;140;134
"
"120;145;210
"
"120;150;79
"
"125;150;34
"
"125;145;39
"
"125;140;96
"
"125;135;89
"
"125;130;107
"
"125;125;144
"
"125;120;32
"
"125;115;70
"
"125;110;70
"
"125;105;21
"
"125;100;32
"
"125;95;30
"
"125;90;0
"
"125;85;16
"
"125;80;25
"
"125;75;55
"
"125;70;84
"
"125;65;85
"
"125;60;94
"
"125;55;97
"
"125;50;98
"
"125;45;96
"
"125;40;105
"
"125;35;109
"
"125;30;130
"
"130;30;610
"
"130;35;640
"
"130;40;652
"
"130;45;692
"
"130;50;644
"
"130;55;661
"
"130;60;718
"
"130;65;629
"
"130;70;544
"
"130;75;562
"
"130;80;338
"
"130;85;151
"
"130;90;145
"
"130;95;86
"
"130;100;77
"
"130;105;76
"
"130;110;87
"
"130;115;150
"
"130;120;148
"
"130;125;14
"
"130;130;97
"
"130;135;83
"
"130;140;76
"
"130;145;35
"
"130;150;35
"
"135;150;49
"
"135;145;160
"
"135;140;72
"
"135;135;95
"
"135;130;99
"
"135;125;135
"
"135;120;133
"
"135;115;53
"
"135;110;15
"
"135;105;15
"
"135;100;9
"
"135;95;5
"
"135;90;14
"
"135;85;22
"
"135;80;58
"
"135;75;115
"
"135;70;78
"
"135;65;54
"
"135;60;65
"
"135;55;39
"
"135;50;39
"
"135;45;39
"
"135;40;43
"
"135;35;51
"
"135;30;56
"
"140;30;48
"
"140;35;61
"
"140;40;85
"
"140;45;107
"
"140;50;150
"
"140;55;183
"
"140;60;225
"
"140;65;247
"
"140;70;272
"
"140;75;317
"
"140;80;317
"
"140;85;330
"
"140;90;359
"
"140;95;392
"
"140;100;397
"
"140;105;421
"
"140;110;464
"
"140;115;487
"
"140;120;475
"
"140;125;459
"
"140;130;490
"
"140;135;585
"
"140;140;586
"
"140;145;542
"
"140;150;523
"
"145;150;408
"
"145;145;348
"
"145;140;340
"
"145;135;315
"
"145;130;313
"
"145;125;311
"
"145;120;359
"
"145;115;352
"
"145;110;358
"
"145;105;83
"
"145;100;9
"
"145;95;20
"
"145;90;14
"
"145;85;47
"
"145;80;29
"
"145;75;5
"
"145;70;5
"
"145;65;26
"
"145;60;27
"
"145;55;23
"
"145;50;10
"
"145;45;21
"
"145;40;27
"
"145;35;29
"
"145;30;29
"
"150;30;28
"
"150;35;29
"
"150;40;57
"
"150;45;82
"
"150;50;126
"
"150;55;155
"
"150;60;199
"
"150;65;260
"
"150;70;270
"
"150;75;300
"
"150;80;314
"
"150;85;343
"
"150;90;378
"
"150;95;400
"
"150;100;437
"
"150;105;476
"
"150;110;495
"
"150;115;536
"
"150;120;581
"
"150;125;647
"
"150;130;686
"
"150;135;645
"
"150;140;553
"
"150;145;511
"
"150;150;459
"
"30;138;30
"
"30;141;86
"
"30;144;15
"
"30;147;14
"
"30;150;8
"
"33;150;7
"
"33;147;7
"
"33;144;15
"
"33;141;45
"
"33;138;18
"
"33;135;19
"
"33;132;47
"
"33;129;40
"
"33;126;58
"
"33;123;57
"
"33;120;60
"
"33;117;49
"
"33;114;62
"
"33;111;61
"
"33;108;48
"
"33;105;10
"
"33;102;14
"
"33;99;100
"
"33;96;109
"
"33;93;109
"
"33;90;62
"
"33;87;6
"
"33;84;9
"
"33;81;194
"
"33;78;193
"
"33;75;7
"
"33;72;6
"
"33;69;6
"
"33;66;6
"
"33;63;6
"
"33;60;6
"
"33;57;81
"
"33;54;79
"
"33;51;14
"
"33;48;11
"
"33;45;245
"
"33;42;347
"
"33;39;347
"
"33;36;493
"
"33;33;588
"
"33;30;578
"
"36;30;639
"
"36;33;667
"
"36;36;660
"
"36;39;662
"
"36;42;657
"
"36;45;664
"
"36;48;661
"
"36;51;662
"
"36;54;658
"
"36;57;632
"
"36;60;558
"
"36;63;565
"
"36;66;445
"
"36;69;320
"
"36;72;302
"
"36;75;190
"
"36;78;166
"
"36;81;166
"
"36;84;6
"
"36;87;36
"
"36;90;35
"
"36;93;263
"
"36;96;9
"
"36;99;12
"
"36;102;137
"
"36;105;134
"
"36;108;9
"
"36;111;178
"
"36;114;177
"
"36;117;6
"
"36;120;8
"
"36;123;6
"
"36;126;6
"
"36;129;8
"
"36;132;8
"
"36;135;14
"
"36;138;11
"
"36;141;30
"
"36;144;8
"
"36;147;8
"
"36;150;6
"
"39;150;14
"
"39;147;8
"
"39;144;8
"
"39;141;31
"
"39;138;39
"
"39;135;29
"
"39;132;36
"
"39;129;35
"
"39;126;96
"
"39;123;74
"
"39;120;74
"
"39;117;57
"
"39;114;84
"
"39;111;74
"
"39;108;144
"
"39;105;113
"
"39;102;155
"
"39;99;145
"
"39;96;220
"
"39;93;236
"
"39;90;10
"
"39;87;6
"
"39;84;6
"
"39;81;6
"
"39;78;6
"
"39;75;11
"
"39;72;6
"
"39;69;6
"
"39;66;6
"
"39;63;6
"
"39;60;6
"
"39;57;191
"
"39;54;177
"
"39;51;11
"
"39;48;6
"
"39;45;238
"
"39;42;366
"
"39;39;364
"
"39;36;492
"
"39;33;586
"
"39;30;579
"
"42;30;639
"
"42;33;667
"
"42;36;664
"
"42;39;665
"
"42;42;704
"
"42;45;653
"
"42;48;663
"
"42;51;665
"
"42;54;661
"
"42;57;628
"
"42;60;563
"
"42;63;567
"
"42;66;450
"
"42;69;322
"
"42;72;320
"
"42;75;92
"
"42;78;161
"
"42;81;161
"
"42;84;6
"
"42;87;108
"
"42;90;108
"
"42;93;365
"
"42;96;7
"
"42;99;11
"
"42;102;6
"
"42;105;6
"
"42;108;387
"
"42;111;45
"
"42;114;44
"
"42;117;6
"
"42;120;6
"
"42;123;6
"
"42;126;6
"
"42;129;7
"
"42;132;11
"
"42;135;6
"
"42;138;6
"
"42;141;10
"
"42;144;11
"
"42;147;8
"
"42;150;6
"
"45;150;6
"
"45;147;36
"
"45;144;35
"
"45;141;45
"
"45;138;44
"
"45;135;48
"
"45;132;49
"
"45;129;48
"
"45;126;67
"
"45;123;121
"
"45;120;125
"
"45;117;61
"
"45;114;73
"
"45;111;73
"
"45;108;49
"
"45;105;100
"
"45;102;101
"
"45;99;125
"
"45;96;256
"
"45;93;256
"
"45;90;365
"
"45;87;356
"
"45;84;355
"
"45;81;7
"
"45;78;6
"
"45;75;167
"
"45;72;215
"
"45;69;224
"
"45;66;6
"
"45;63;6
"
"45;60;6
"
"45;57;208
"
"45;54;197
"
"45;51;6
"
"45;48;206
"
"45;45;208
"
"45;42;320
"
"45;39;448
"
"45;36;446
"
"45;33;561
"
"45;30;630
"
"48;30;664
"
"48;33;664
"
"48;36;688
"
"48;39;656
"
"48;42;700
"
"48;45;650
"
"48;48;656
"
"48;51;665
"
"48;54;642
"
"48;57;643
"
"48;60;590
"
"48;63;481
"
"48;66;482
"
"48;69;331
"
"48;72;265
"
"48;75;267
"
"48;78;260
"
"48;81;7
"
"48;84;6
"
"48;87;6
"
"48;90;6
"
"48;93;192
"
"48;96;10
"
"48;99;10
"
"48;102;7
"
"48;105;121
"
"48;108;128
"
"48;111;7
"
"48;114;6
"
"48;117;6
"
"48;120;6
"
"48;123;6
"
"48;126;6
"
"48;129;6
"
"48;132;6
"
"48;135;11
"
"48;138;14
"
"48;141;14
"
"48;144;14
"
"48;147;14
"
"48;150;6
"
"51;150;9
"
"51;147;50
"
"51;144;50
"
"51;141;70
"
"51;138;53
"
"51;135;53
"
"51;132;44
"
"51;129;57
"
"51;126;48
"
"51;123;66
"
"51;120;80
"
"51;117;82
"
"51;114;61
"
"51;111;26
"
"51;108;24
"
"51;105;80
"
"51;102;79
"
"51;99;128
"
"51;96;194
"
"51;93;195
"
"51;90;287
"
"51;87;6
"
"51;84;6
"
"51;81;6
"
"51;78;114
"
"51;75;117
"
"51;72;11
"
"51;69;11
"
"51;66;11
"
"51;63;6
"
"51;60;7
"
"51;57;132
"
"51;54;6
"
"51;51;6
"
"51;48;85
"
"51;45;90
"
"51;42;305
"
"51;39;422
"
"51;36;455
"
"51;33;542
"
"51;30;544
"
"54;30;659
"
"54;33;676
"
"54;36;769
"
"54;39;653
"
"54;42;660
"
"54;45;666
"
"54;48;701
"
"54;51;661
"
"54;54;640
"
"54;57;638
"
"54;60;624
"
"54;63;439
"
"54;66;447
"
"54;69;317
"
"54;72;209
"
"54;75;200
"
"54;78;133
"
"54;81;6
"
"54;84;7
"
"54;87;72
"
"54;90;70
"
"54;93;202
"
"54;96;121
"
"54;99;127
"
"54;102;7
"
"54;105;7
"
"54;108;6
"
"54;111;35
"
"54;114;6
"
"54;117;6
"
"54;120;6
"
"54;123;6
"
"54;126;6
"
"54;129;6
"
"54;132;11
"
"54;135;31
"
"54;138;36
"
"54;141;42
"
"54;144;12
"
"54;147;12
"
"54;150;6
"
"57;150;25
"
"57;147;42
"
"57;144;35
"
"57;141;53
"
"57;138;36
"
"57;135;41
"
"57;132;53
"
"57;129;41
"
"57;126;40
"
"57;123;62
"
"57;120;106
"
"57;117;104
"
"57;114;61
"
"57;111;31
"
"57;108;30
"
"57;105;67
"
"57;102;104
"
"57;99;111
"
"57;96;140
"
"57;93;6
"
"57;90;6
"
"57;87;9
"
"57;84;6
"
"57;81;6
"
"57;78;6
"
"57;75;10
"
"57;72;6
"
"57;69;9
"
"57;66;7
"
"57;63;6
"
"57;60;6
"
"57;57;144
"
"57;54;144
"
"57;51;219
"
"57;48;232
"
"57;45;231
"
"57;42;311
"
"57;39;428
"
"57;36;425
"
"57;33;547
"
"57;30;577
"
"60;30;657
"
"60;33;657
"
"60;36;666
"
"60;39;663
"
"60;42;701
"
"60;45;650
"
"60;48;661
"
"60;51;663
"
"60;54;670
"
"60;57;634
"
"60;60;564
"
"60;63;444
"
"60;66;476
"
"60;69;316
"
"60;72;255
"
"60;75;252
"
"60;78;235
"
"60;81;228
"
"60;84;226
"
"60;87;260
"
"60;90;394
"
"60;93;368
"
"60;96;7
"
"60;99;6
"
"60;102;512
"
"60;105;11
"
"60;108;11
"
"60;111;475
"
"60;114;7
"
"60;117;6
"
"60;120;6
"
"60;123;6
"
"60;126;6
"
"60;129;6
"
"60;132;7
"
"60;135;10
"
"60;138;31
"
"60;141;30
"
"60;144;11
"
"60;147;6
"
"60;150;6
"
"63;150;43
"
"63;147;64
"
"63;144;35
"
"63;141;24
"
"63;138;44
"
"63;135;58
"
"63;132;68
"
"63;129;57
"
"63;126;58
"
"63;123;54
"
"63;120;129
"
"63;117;126
"
"63;114;53
"
"63;111;35
"
"63;108;35
"
"63;105;62
"
"63;102;55
"
"63;99;54
"
"63;96;174
"
"63;93;230
"
"63;90;231
"
"63;87;130
"
"63;84;6
"
"63;81;6
"
"63;78;217
"
"63;75;219
"
"63;72;8
"
"63;69;7
"
"63;66;6
"
"63;63;230
"
"63;60;231
"
"63;57;223
"
"63;54;223
"
"63;51;223
"
"63;48;223
"
"63;45;274
"
"63;42;271
"
"63;39;364
"
"63;36;500
"
"63;33;544
"
"63;30;588
"
"66;30;646
"
"66;33;669
"
"66;36;665
"
"66;39;716
"
"66;42;664
"
"66;45;692
"
"66;48;683
"
"66;51;705
"
"66;54;644
"
"66;57;601
"
"66;60;604
"
"66;63;502
"
"66;66;353
"
"66;69;351
"
"66;72;240
"
"66;75;234
"
"66;78;222
"
"66;81;222
"
"66;84;224
"
"66;87;240
"
"66;90;222
"
"66;93;235
"
"66;96;234
"
"66;99;373
"
"66;102;7
"
"66;105;6
"
"66;108;211
"
"66;111;221
"
"66;114;9
"
"66;117;6
"
"66;120;6
"
"66;123;6
"
"66;126;9
"
"66;129;7
"
"66;132;9
"
"66;135;36
"
"66;138;35
"
"66;141;12
"
"66;144;12
"
"66;147;6
"
"66;150;10
"
"69;150;39
"
"69;147;46
"
"69;144;35
"
"69;141;49
"
"69;138;49
"
"69;135;57
"
"69;132;50
"
"69;129;49
"
"69;126;48
"
"69;123;76
"
"69;120;75
"
"69;117;98
"
"69;114;40
"
"69;111;40
"
"69;108;26
"
"69;105;25
"
"69;102;88
"
"69;99;132
"
"69;96;132
"
"69;93;49
"
"69;90;141
"
"69;87;141
"
"69;84;6
"
"69;81;79
"
"69;78;85
"
"69;75;9
"
"69;72;6
"
"69;69;215
"
"69;66;234
"
"69;63;235
"
"69;60;235
"
"69;57;224
"
"69;54;222
"
"69;51;227
"
"69;48;198
"
"69;45;202
"
"69;42;313
"
"69;39;314
"
"69;36;442
"
"69;33;554
"
"69;30;554
"
"72;30;626
"
"72;33;681
"
"72;36;682
"
"72;39;659
"
"72;42;664
"
"72;45;666
"
"72;48;665
"
"72;51;665
"
"72;54;630
"
"72;57;573
"
"72;60;549
"
"72;63;411
"
"72;66;407
"
"72;69;283
"
"72;72;190
"
"72;75;197
"
"72;78;223
"
"72;81;223
"
"72;84;228
"
"72;87;222
"
"72;90;223
"
"72;93;219
"
"72;96;214
"
"72;99;215
"
"72;102;160
"
"72;105;129
"
"72;108;125
"
"72;111;6
"
"72;114;6
"
"72;117;14
"
"72;120;11
"
"72;123;6
"
"72;126;6
"
"72;129;6
"
"72;132;9
"
"72;135;6
"
"72;138;58
"
"72;141;57
"
"72;144;22
"
"72;147;7
"
"72;150;6
"
"75;150;12
"
"75;147;25
"
"75;144;31
"
"75;141;30
"
"75;138;17
"
"75;135;45
"
"75;132;44
"
"75;129;59
"
"75;126;54
"
"75;123;44
"
"75;120;83
"
"75;117;83
"
"75;114;84
"
"75;111;36
"
"75;108;36
"
"75;105;62
"
"75;102;85
"
"75;99;83
"
"75;96;160
"
"75;93;136
"
"75;90;134
"
"75;87;297
"
"75;84;7
"
"75;81;7
"
"75;78;6
"
"75;75;6
"
"75;72;66
"
"75;69;216
"
"75;66;232
"
"75;63;222
"
"75;60;224
"
"75;57;230
"
"75;54;235
"
"75;51;223
"
"75;48;278
"
"75;45;280
"
"75;42;295
"
"75;39;342
"
"75;36;474
"
"75;33;470
"
"75;30;625
"
"78;30;679
"
"78;33;659
"
"78;36;668
"
"78;39;659
"
"78;42;749
"
"78;45;647
"
"78;48;663
"
"78;51;665
"
"78;54;653
"
"78;57;596
"
"78;60;597
"
"78;63;485
"
"78;66;351
"
"78;69;348
"
"78;72;236
"
"78;75;244
"
"78;78;243
"
"78;81;227
"
"78;84;228
"
"78;87;228
"
"78;90;223
"
"78;93;220
"
"78;96;219
"
"78;99;152
"
"78;102;6
"
"78;105;6
"
"78;108;380
"
"78;111;7
"
"78;114;9
"
"78;117;6
"
"78;120;6
"
"78;123;6
"
"78;126;6
"
"78;129;7
"
"78;132;6
"
"78;135;7
"
"78;138;45
"
"78;141;44
"
"78;144;44
"
"78;147;6
"
"78;150;6
"
"81;150;15
"
"81;147;14
"
"81;144;68
"
"81;141;36
"
"81;138;36
"
"81;135;44
"
"81;132;52
"
"81;129;44
"
"81;126;61
"
"81;123;63
"
"81;120;94
"
"81;117;75
"
"81;114;75
"
"81;111;44
"
"81;108;52
"
"81;105;53
"
"81;102;82
"
"81;99;190
"
"81;96;182
"
"81;93;71
"
"81;90;162
"
"81;87;161
"
"81;84;352
"
"81;81;7
"
"81;78;6
"
"81;75;6
"
"81;72;6
"
"81;69;186
"
"81;66;220
"
"81;63;220
"
"81;60;223
"
"81;57;225
"
"81;54;223
"
"81;51;224
"
"81;48;223
"
"81;45;273
"
"81;42;306
"
"81;39;306
"
"81;36;422
"
"81;33;573
"
"81;30;534
"
"84;30;620
"
"84;33;657
"
"84;36;665
"
"84;39;757
"
"84;42;651
"
"84;45;665
"
"84;48;662
"
"84;51;729
"
"84;54;610
"
"84;57;622
"
"84;60;539
"
"84;63;537
"
"84;66;393
"
"84;69;256
"
"84;72;256
"
"84;75;241
"
"84;78;227
"
"84;81;227
"
"84;84;222
"
"84;87;237
"
"84;90;222
"
"84;93;209
"
"84;96;122
"
"84;99;138
"
"84;102;181
"
"84;105;284
"
"84;108;284
"
"84;111;7
"
"84;114;6
"
"84;117;6
"
"84;120;6
"
"84;123;8
"
"84;126;6
"
"84;129;6
"
"84;132;11
"
"84;135;10
"
"84;138;14
"
"84;141;14
"
"84;144;12
"
"84;147;6
"
"84;150;8
"
"87;150;67
"
"87;147;35
"
"87;144;45
"
"87;141;44
"
"87;138;60
"
"87;135;44
"
"87;132;30
"
"87;129;57
"
"87;126;65
"
"87;123;53
"
"87;120;89
"
"87;117;88
"
"87;114;40
"
"87;111;46
"
"87;108;43
"
"87;105;64
"
"87;102;109
"
"87;99;108
"
"87;96;173
"
"87;93;6
"
"87;90;8
"
"87;87;150
"
"87;84;148
"
"87;81;7
"
"87;78;6
"
"87;75;14
"
"87;72;11
"
"87;69;6
"
"87;66;6
"
"87;63;200
"
"87;60;211
"
"87;57;219
"
"87;54;225
"
"87;51;223
"
"87;48;231
"
"87;45;269
"
"87;42;269
"
"87;39;400
"
"87;36;413
"
"87;33;493
"
"87;30;595
"
"90;30;647
"
"90;33;647
"
"90;36;711
"
"90;39;681
"
"90;42;684
"
"90;45;661
"
"90;48;714
"
"90;51;655
"
"90;54;636
"
"90;57;588
"
"90;60;595
"
"90;63;444
"
"90;66;299
"
"90;69;299
"
"90;72;203
"
"90;75;219
"
"90;78;219
"
"90;81;227
"
"90;84;220
"
"90;87;211
"
"90;90;253
"
"90;93;252
"
"90;96;211
"
"90;99;6
"
"90;102;6
"
"90;105;136
"
"90;108;8
"
"90;111;6
"
"90;114;6
"
"90;117;6
"
"90;120;11
"
"90;123;9
"
"90;126;6
"
"90;129;6
"
"90;132;7
"
"90;135;7
"
"90;138;41
"
"90;141;12
"
"90;144;12
"
"90;147;6
"
"90;150;14
"
"93;150;41
"
"93;147;35
"
"93;144;36
"
"93;141;35
"
"93;138;63
"
"93;135;48
"
"93;132;48
"
"93;129;69
"
"93;126;90
"
"93;123;74
"
"93;120;95
"
"93;117;45
"
"93;114;46
"
"93;111;49
"
"93;108;71
"
"93;105;71
"
"93;102;67
"
"93;99;146
"
"93;96;144
"
"93;93;6
"
"93;90;9
"
"93;87;6
"
"93;84;108
"
"93;81;109
"
"93;78;6
"
"93;75;9
"
"93;72;7
"
"93;69;6
"
"93;66;6
"
"93;63;6
"
"93;60;6
"
"93;57;84
"
"93;54;211
"
"93;51;211
"
"93;48;165
"
"93;45;235
"
"93;42;235
"
"93;39;343
"
"93;36;471
"
"93;33;484
"
"93;30;587
"
"96;30;684
"
"96;33;660
"
"96;36;664
"
"96;39;675
"
"96;42;712
"
"96;45;664
"
"96;48;687
"
"96;51;686
"
"96;54;647
"
"96;57;594
"
"96;60;592
"
"96;63;483
"
"96;66;336
"
"96;69;335
"
"96;72;223
"
"96;75;131
"
"96;78;125
"
"96;81;104
"
"96;84;84
"
"96;87;90
"
"96;90;146
"
"96;93;145
"
"96;96;153
"
"96;99;6
"
"96;102;7
"
"96;105;44
"
"96;108;6
"
"96;111;6
"
"96;114;6
"
"96;117;9
"
"96;120;11
"
"96;123;6
"
"96;126;6
"
"96;129;6
"
"96;132;6
"
"96;135;6
"
"96;138;25
"
"96;141;31
"
"96;144;35
"
"96;147;8
"
"96;150;8
"
"99;150;6
"
"99;147;10
"
"99;144;49
"
"99;141;48
"
"99;138;35
"
"99;135;54
"
"99;132;59
"
"99;129;90
"
"99;126;76
"
"99;123;75
"
"99;120;55
"
"99;117;50
"
"99;114;49
"
"99;111;58
"
"99;108;64
"
"99;105;53
"
"99;102;18
"
"99;99;17
"
"99;96;70
"
"99;93;76
"
"99;90;77
"
"99;87;6
"
"99;84;10
"
"99;81;10
"
"99;78;188
"
"99;75;185
"
"99;72;6
"
"99;69;99
"
"99;66;110
"
"99;63;11
"
"99;60;49
"
"99;57;49
"
"99;54;6
"
"99;51;9
"
"99;48;62
"
"99;45;240
"
"99;42;239
"
"99;39;366
"
"99;36;498
"
"99;33;511
"
"99;30;599
"
"102;30;640
"
"102;33;670
"
"102;36;660
"
"102;39;659
"
"102;42;662
"
"102;45;660
"
"102;48;662
"
"102;51;648
"
"102;54;691
"
"102;57;593
"
"102;60;480
"
"102;63;530
"
"102;66;362
"
"102;69;240
"
"102;72;240
"
"102;75;62
"
"102;78;130
"
"102;81;128
"
"102;84;10
"
"102;87;144
"
"102;90;141
"
"102;93;6
"
"102;96;9
"
"102;99;6
"
"102;102;123
"
"102;105;6
"
"102;108;8
"
"102;111;6
"
"102;114;211
"
"102;117;211
"
"102;120;7
"
"102;123;6
"
"102;126;10
"
"102;129;9
"
"102;132;6
"
"102;135;6
"
"102;138;14
"
"102;141;19
"
"102;144;18
"
"102;147;18
"
"102;150;9
"
"105;150;13
"
"105;147;11
"
"105;144;40
"
"105;141;63
"
"105;138;59
"
"105;135;75
"
"105;132;54
"
"105;129;53
"
"105;126;75
"
"105;123;58
"
"105;120;65
"
"105;117;53
"
"105;114;45
"
"105;111;44
"
"105;108;53
"
"105;105;67
"
"105;102;66
"
"105;99;40
"
"105;96;148
"
"105;93;154
"
"105;90;138
"
"105;87;145
"
"105;84;160
"
"105;81;154
"
"105;78;153
"
"105;75;156
"
"105;72;169
"
"105;69;146
"
"105;66;149
"
"105;63;99
"
"105;60;97
"
"105;57;110
"
"105;54;113
"
"105;51;125
"
"105;48;119
"
"105;45;126
"
"105;42;130
"
"105;39;130
"
"105;36;140
"
"105;33;160
"
"105;30;160
"
"108;30;163
"
"108;33;170
"
"108;36;176
"
"108;39;174
"
"108;42;188
"
"108;45;200
"
"108;48;202
"
"108;51;209
"
"108;54;196
"
"108;57;193
"
"108;60;203
"
"108;63;207
"
"108;66;200
"
"108;69;201
"
"108;72;208
"
"108;75;207
"
"108;78;206
"
"108;81;211
"
"108;84;230
"
"108;87;238
"
"108;90;176
"
"108;93;6
"
"108;96;6
"
"108;99;6
"
"108;102;420
"
"108;105;381
"
"108;108;7
"
"108;111;8
"
"108;114;10
"
"108;117;6
"
"108;120;6
"
"108;123;9
"
"108;126;6
"
"108;129;6
"
"108;132;6
"
"108;135;7
"
"108;138;6
"
"108;141;7
"
"108;144;17
"
"108;147;18
"
"108;150;35
"
"111;150;6
"
"111;147;40
"
"111;144;31
"
"111;141;24
"
"111;138;44
"
"111;135;60
"
"111;132;53
"
"111;129;63
"
"111;126;58
"
"111;123;58
"
"111;120;48
"
"111;117;59
"
"111;114;57
"
"111;111;61
"
"111;108;63
"
"111;105;57
"
"111;102;81
"
"111;99;107
"
"111;96;135
"
"111;93;127
"
"111;90;127
"
"111;87;154
"
"111;84;143
"
"111;81;131
"
"111;78;128
"
"111;75;98
"
"111;72;99
"
"111;69;113
"
"111;66;134
"
"111;63;115
"
"111;60;125
"
"111;57;118
"
"111;54;118
"
"111;51;134
"
"111;48;141
"
"111;45;152
"
"111;42;171
"
"111;39;188
"
"111;36;190
"
"111;33;200
"
"111;30;201
"
"114;30;199
"
"114;33;680
"
"114;36;665
"
"114;39;666
"
"114;42;666
"
"114;45;710
"
"114;48;662
"
"114;51;658
"
"114;54;672
"
"114;57;601
"
"114;60;505
"
"114;63;369
"
"114;66;340
"
"114;69;260
"
"114;72;170
"
"114;75;170
"
"114;78;6
"
"114;81;249
"
"114;84;260
"
"114;87;80
"
"114;90;146
"
"114;93;144
"
"114;96;9
"
"114;99;6
"
"114;102;223
"
"114;105;6
"
"114;108;8
"
"114;111;7
"
"114;114;6
"
"114;117;6
"
"114;120;7
"
"114;123;6
"
"114;126;6
"
"114;129;7
"
"114;132;9
"
"114;135;13
"
"114;138;18
"
"114;141;10
"
"114;144;7
"
"114;147;25
"
"114;150;26
"
"117;150;25
"
"117;147;24
"
"117;144;43
"
"117;141;52
"
"117;138;59
"
"117;135;48
"
"117;132;49
"
"117;129;57
"
"117;126;58
"
"117;123;53
"
"117;120;53
"
"117;117;53
"
"117;114;40
"
"117;111;40
"
"117;108;26
"
"117;105;167
"
"117;102;165
"
"117;99;178
"
"117;96;178
"
"117;93;149
"
"117;90;135
"
"117;87;146
"
"117;84;150
"
"117;81;147
"
"117;78;140
"
"117;75;147
"
"117;72;125
"
"117;69;111
"
"117;66;117
"
"117;63;116
"
"117;60;110
"
"117;57;105
"
"117;54;115
"
"117;51;110
"
"117;48;226
"
"117;45;227
"
"117;42;300
"
"117;39;393
"
"117;36;393
"
"117;33;511
"
"117;30;601
"
"120;30;647
"
"120;33;643
"
"120;36;667
"
"120;39;669
"
"120;42;663
"
"120;45;661
"
"120;48;725
"
"120;51;657
"
"120;54;624
"
"120;57;574
"
"120;60;465
"
"120;63;425
"
"120;66;389
"
"120;69;362
"
"120;72;343
"
"120;75;328
"
"120;78;313
"
"120;81;302
"
"120;84;341
"
"120;87;333
"
"120;90;321
"
"120;93;318
"
"120;96;320
"
"120;99;289
"
"120;102;284
"
"120;105;279
"
"120;108;257
"
"120;111;250
"
"120;114;264
"
"120;117;247
"
"120;120;251
"
"120;123;274
"
"120;126;266
"
"120;129;274
"
"120;132;36
"
"120;135;31
"
"120;138;30
"
"120;141;62
"
"120;144;45
"
"120;147;44
"
"120;150;30
"
